<?xml version="1.0" encoding="utf-8" standalone="yes"?><rss version="2.0" xmlns:atom="http://www.w3.org/2005/Atom"><channel><title>Cybersecurity Podcast Episodes | Security Cocktail Hour on Security Cocktail Hour Podcast</title><link>https://securitycocktailhour.com/episodes/</link><description>Recent content in Cybersecurity Podcast Episodes | Security Cocktail Hour on Security Cocktail Hour Podcast</description><generator>Hugo</generator><language>en-us</language><lastBuildDate>Mon, 03 Nov 2025 00:00:00 +0000</lastBuildDate><atom:link href="https://securitycocktailhour.com/episodes/index.xml" rel="self" type="application/rss+xml"/><item><title>AI in Cybersecurity: How CISOs Are Actually Using LLMs with Myke Lyons (Cribl CISO)</title><link>https://securitycocktailhour.com/episodes/episode-62-ai-in-cybersecurity-how-cisos-are-actually-using-llms/</link><pubDate>Mon, 03 Nov 2025 00:00:00 +0000</pubDate><guid>https://securitycocktailhour.com/episodes/episode-62-ai-in-cybersecurity-how-cisos-are-actually-using-llms/</guid><description>&lt;p&gt;Join Security Cocktail Hour hosts Joe Patti and Adam Roth for an in-depth conversation with Myke Lyons, Chief Information Security Officer at Cribl, about AI in cybersecurity operations. Discover how modern CISOs are actually using LLMs and AI tools in their daily work, handling the data explosion (28% CAGR growth in logs), and transforming security operations with smarter telemetry management. Myke shares practical AI adoption strategies, prompt engineering techniques, and his unique perspective on threat hunting with modern data architectures. From his non-traditional background (Culinary Institute of America graduate) to leading security at companies like Snyk, Collibra, and ServiceNow, Myke offers real-world insights on the future of AI in security.&lt;/p&gt;</description></item><item><title>AI attacks need AI defense: Ransomware's new danger and how a top cyber expert is fighting back</title><link>https://securitycocktailhour.com/episodes/episode-61-ai-attacks-need-ai-defense-ransomwares-new-danger-and-how-a-top-cyber-expert-is-/</link><pubDate>Tue, 23 Sep 2025 00:00:00 +0000</pubDate><guid>https://securitycocktailhour.com/episodes/episode-61-ai-attacks-need-ai-defense-ransomwares-new-danger-and-how-a-top-cyber-expert-is-/</guid><description>&lt;p&gt;Everyone&amp;rsquo;s using AI, including ransomware gangs. Podcast guest Karin Lagziel, Director Cybersecurity at consulting firm Sygnia, gives us the news and her cyber defense strategies for fighting back: With more AI, as well as a focus on fundamentals.&lt;/p&gt;
&lt;h2 id="episode-highlights"&gt;Episode Highlights&lt;/h2&gt;
&lt;h3 id="listen-now"&gt;Listen Now&lt;/h3&gt;
&lt;p&gt;Tune in to hear our discussion on ai attacks need ai defense: ransomware&amp;rsquo;s new danger and how a top cyber expert is fighting back.&lt;/p&gt;
&lt;h2 id="key-takeaways"&gt;Key Takeaways&lt;/h2&gt;
&lt;ul&gt;
&lt;li&gt;The first AI-powered ransomware &amp;ldquo;Prompt Lock&amp;rdquo; discovered in the wild&lt;/li&gt;
&lt;li&gt;How Chinese hackers created &amp;ldquo;Villager&amp;rdquo; - the AI version of Cobalt Strike&lt;/li&gt;
&lt;li&gt;Why traditional cybersecurity is failing against AI attacks&lt;/li&gt;
&lt;li&gt;How attackers weaponize your own AI against you&lt;/li&gt;
&lt;li&gt;The dark web&amp;rsquo;s &amp;ldquo;AI as a Service&amp;rdquo; marketplace&lt;/li&gt;
&lt;li&gt;Real-time deep fakes so realistic they fool security experts&lt;/li&gt;
&lt;li&gt;AI governance frameworks&lt;/li&gt;
&lt;li&gt;Why every organization needs agentic AI for defense&lt;/li&gt;
&lt;li&gt;The future of cybersecurity careers (spoiler: humans aren&amp;rsquo;t going away)&lt;/li&gt;
&lt;/ul&gt;
&lt;h2 id="resources-mentioned"&gt;Resources Mentioned&lt;/h2&gt;
&lt;p&gt;Villager: &lt;a href="https://thehackernews.com/2025/09/ai-powered-villager-pen-testing-tool.html"&gt;https://thehackernews.com/2025/09/ai-powered-villager-pen-testing-tool.html&lt;/a&gt;&lt;/p&gt;</description></item><item><title>Crypto Kidnappings, Lost Keys, and Million-Dollar Bug Bounties</title><link>https://securitycocktailhour.com/episodes/episode-60-crypto-kidnappings-lost-keys-and-million-dollar-bug-bounties/</link><pubDate>Tue, 09 Sep 2025 00:00:00 +0000</pubDate><guid>https://securitycocktailhour.com/episodes/episode-60-crypto-kidnappings-lost-keys-and-million-dollar-bug-bounties/</guid><description>&lt;p&gt;Forbes 30 Under 30 cybersecurity expert Yevheniia Broshevan discusses crypto security challenges, bug bounty programs, and the reality that 95% of Bitcoin has been mined while 11-18% is lost forever.&lt;/p&gt;
&lt;h2 id="episode-highlights"&gt;Episode Highlights&lt;/h2&gt;
&lt;h3 id="listen-now"&gt;Listen Now&lt;/h3&gt;
&lt;p&gt;Tune in to hear our discussion on crypto kidnappings, lost keys, and million-dollar bug bounties.&lt;/p&gt;
&lt;h2 id="key-takeaways"&gt;Key Takeaways&lt;/h2&gt;
&lt;ul&gt;
&lt;li&gt;Access control issues and private key leakage cause majority of crypto hacks&lt;/li&gt;
&lt;li&gt;Bug bounties in crypto can reach 5-10% of potential losses (millions in payouts)&lt;/li&gt;
&lt;li&gt;Hardware wallets, diversification, and proper key management are essential&lt;/li&gt;
&lt;li&gt;The industry lost $2.5 billion last year, $3 billion this year - trend is accelerating&lt;/li&gt;
&lt;li&gt;Phishing and social engineering remain the weakest links in crypto security&lt;/li&gt;
&lt;/ul&gt;
&lt;h2 id="full-transcript"&gt;Full Transcript&lt;/h2&gt;
&lt;p&gt;&lt;strong&gt;Joe [00:05]:&lt;/strong&gt;
Welcome to the Security Cocktail Hour. I&amp;rsquo;m Joe Patti.&lt;/p&gt;</description></item><item><title>WiFi Pineapple Unboxing: The Hacker Device From TV Shows!</title><link>https://securitycocktailhour.com/episodes/episode-59-wifi-pineapple-unboxing-the-hacker-device-from-tv-shows/</link><pubDate>Mon, 18 Aug 2025 00:00:00 +0000</pubDate><guid>https://securitycocktailhour.com/episodes/episode-59-wifi-pineapple-unboxing-the-hacker-device-from-tv-shows/</guid><description>&lt;p&gt;Ever wondered what that mysterious &amp;ldquo;WiFi Pineapple&amp;rdquo; device from hacker movies actually does? Today we&amp;rsquo;re unboxing the Hak5 WiFi Pineapple Mark 7 - the real penetration testing tool that&amp;rsquo;s been featured in countless TV shows and movies!&lt;/p&gt;
&lt;h2 id="episode-highlights"&gt;Episode Highlights&lt;/h2&gt;
&lt;h3 id="listen-now"&gt;Listen Now&lt;/h3&gt;
&lt;p&gt;Tune in to watch us unbox a Hak5 WiFi Pineapple and discuss its use.&lt;/p&gt;
&lt;h2 id="key-takeaways"&gt;Key Takeaways&lt;/h2&gt;
&lt;ul&gt;
&lt;li&gt;Complete unboxing of the WiFi Pineapple Mark 7&lt;/li&gt;
&lt;li&gt;How hackers use this for man-in-the-middle attacks&lt;/li&gt;
&lt;li&gt;Why you should be worried about fake WiFi hotspots&lt;/li&gt;
&lt;li&gt;Real-world scenarios where this could be deployed&lt;/li&gt;
&lt;li&gt;Ethical penetration testing applications&lt;/li&gt;
&lt;/ul&gt;
&lt;h2 id="full-transcript"&gt;Full Transcript&lt;/h2&gt;
&lt;p&gt;&lt;strong&gt;[0:00]&lt;/strong&gt; &lt;em&gt;[Music]&lt;/em&gt;&lt;/p&gt;</description></item><item><title>Travel Router Unboxing: Don't Get Hacked on Vacation!</title><link>https://securitycocktailhour.com/episodes/episode-58-travel-router-unboxing-dont-get-hacked-on-vacation/</link><pubDate>Mon, 04 Aug 2025 00:00:00 +0000</pubDate><guid>https://securitycocktailhour.com/episodes/episode-58-travel-router-unboxing-dont-get-hacked-on-vacation/</guid><description>&lt;p&gt;Back in Episode 54 we talked about vacation cybersecurity, including the dangers of hotel WiFi and public networks. Today we&amp;rsquo;re unboxing the travel router that could save your digital life while traveling (or at least save you a lot of grief).&lt;/p&gt;
&lt;h2 id="episode-highlights"&gt;Episode Highlights&lt;/h2&gt;
&lt;h3 id="listen-now"&gt;Listen Now&lt;/h3&gt;
&lt;p&gt;Tune in to hear our discussion on travel router unboxing: don&amp;rsquo;t get hacked on vacation!.&lt;/p&gt;</description></item><item><title>Dr. Nikki Robinson: Why Security Teams Fail at Human Factors</title><link>https://securitycocktailhour.com/episodes/episode-57-dr-nikki-robinson-why-security-teams-fail-at-human-factors/</link><pubDate>Thu, 03 Jul 2025 00:00:00 +0000</pubDate><guid>https://securitycocktailhour.com/episodes/episode-57-dr-nikki-robinson-why-security-teams-fail-at-human-factors/</guid><description>&lt;p&gt;It takes an advanced degree to understand the psychology behind why users hate security controls, so we got someone with two: Dr. Nikki Robinson, DSc Cybersecurity, PhD Human Factors. Nikki joins us to break down the real reasons security implementations fail—and how to fix them.&lt;/p&gt;
&lt;h2 id="episode-highlights"&gt;Episode Highlights&lt;/h2&gt;
&lt;h3 id="listen-now"&gt;Listen Now&lt;/h3&gt;
&lt;p&gt;Tune in to hear our discussion on dr. nikki robinson: why security teams fail at human factors.&lt;/p&gt;</description></item><item><title>From Zero-Day Hunter to Cyber Defender: Cody Pierce's Journey</title><link>https://securitycocktailhour.com/episodes/episode-56-from-zero-day-hunter-to-cyber-defender-cody-pierces-journey/</link><pubDate>Fri, 20 Jun 2025 00:00:00 +0000</pubDate><guid>https://securitycocktailhour.com/episodes/episode-56-from-zero-day-hunter-to-cyber-defender-cody-pierces-journey/</guid><description>&lt;p&gt;Why would a hacker at the top of game who found dozens of zero-days switch to defense? The answer is a lot more complicated than you think. In this fascinating episode, we sit down with Cody Pierce, co-founder and CEO of Neon Cyber and former Zero Day Initiative researcher. Cody gives us an insider view into the exploit marketplace, and tells us why he went from offense to defense.&lt;/p&gt;
&lt;h2 id="episode-highlights"&gt;Episode Highlights&lt;/h2&gt;
&lt;h3 id="listen-now"&gt;Listen Now&lt;/h3&gt;
&lt;p&gt;Tune in to hear our discussion on from zero-day hunter to cyber defender: cody pierce&amp;rsquo;s journey.&lt;/p&gt;</description></item><item><title>Firmware, Fire and the Future of Cybersecurity | Smoked Manhattans with Paul Asadoorian</title><link>https://securitycocktailhour.com/episodes/episode-55-firmware-fire-and-the-future-of-cybersecurity-smoked-manhattans-with-paul-asadoo/</link><pubDate>Tue, 27 May 2025 00:00:00 +0000</pubDate><guid>https://securitycocktailhour.com/episodes/episode-55-firmware-fire-and-the-future-of-cybersecurity-smoked-manhattans-with-paul-asadoo/</guid><description>&lt;p&gt;Join us for a special episode of the Security Cocktail Hour as co-hosts Joe Patti and Adam Roth sit down with cybersecurity legend Paul Asadoorian—founder of Security Weekly and Principal Security Evangelist at Eclypsium. With more than two decades of experience, Paul brings his unique mix of deep technical knowledge and podcasting charisma to discuss firmware vulnerabilities, supply chain risks, and the overlooked attack surfaces hiding in your hardware. And he literally&amp;ndash;and we do mean literally&amp;ndash;brings fire to the show.&lt;/p&gt;</description></item><item><title>The Future of Security Leadership with Sivan Tehila</title><link>https://securitycocktailhour.com/episodes/episode-31-the-future-of-security-leadership-with-sivan-tehila/</link><pubDate>Tue, 20 May 2025 00:00:00 +0000</pubDate><guid>https://securitycocktailhour.com/episodes/episode-31-the-future-of-security-leadership-with-sivan-tehila/</guid><description>&lt;p&gt;The Chief Information Security Officer (CISO) is a fairly new position in the business world, and changing as rapidly as any other facet of information security. We talk with former CISO Sivan Tehila about the challenges of the role, and how they inspired her to found security startup Onyxia where she serves as CEO.&lt;/p&gt;
&lt;h2 id="episode-highlights"&gt;Episode Highlights&lt;/h2&gt;
&lt;h3 id="listen-now"&gt;Listen Now&lt;/h3&gt;
&lt;p&gt;Tune in to hear our discussion on the future of security leadership with sivan tehila.&lt;/p&gt;</description></item><item><title>Don’t Get Hacked on Vacation | Travel Cybersecurity Tips</title><link>https://securitycocktailhour.com/episodes/episode-54-dont-get-hacked-on-vacation-travel-cybersecurity-tips/</link><pubDate>Mon, 12 May 2025 00:00:00 +0000</pubDate><guid>https://securitycocktailhour.com/episodes/episode-54-dont-get-hacked-on-vacation-travel-cybersecurity-tips/</guid><description>&lt;p&gt;Got big travel plans this summer? Remember to pack some protection against cyber threats. In this episode of the Security Cocktail Hour podcast, hosts Joe Patti and Adam Roth break down the real cybersecurity threats you face when using hotel Wi-Fi, airport chargers, and public networks—and what you can do to stay safe.&lt;/p&gt;
&lt;h2 id="episode-highlights"&gt;Episode Highlights&lt;/h2&gt;
&lt;h3 id="listen-now"&gt;Listen Now&lt;/h3&gt;
&lt;p&gt;Tune in to hear our discussion on don’t get hacked on vacation | travel cybersecurity tips.&lt;/p&gt;</description></item><item><title>The New Rules of Cyber Incident Response | New attacks, new response</title><link>https://securitycocktailhour.com/episodes/episode-53-the-new-rules-of-cyber-incident-response-new-attacks-new-response/</link><pubDate>Fri, 11 Apr 2025 00:00:00 +0000</pubDate><guid>https://securitycocktailhour.com/episodes/episode-53-the-new-rules-of-cyber-incident-response-new-attacks-new-response/</guid><description>&lt;p&gt;In this episode of Security Cocktail Hour, we go deep into the high-stakes world of modern cyber incident response (IR) with Lisa Landau and Tim Shipp of ThreatLight—two top-tier experts redefining how breaches are handled today. Discover how IR has evolved—and why the old playbook no longer works.&lt;/p&gt;
&lt;h2 id="episode-highlights"&gt;Episode Highlights&lt;/h2&gt;
&lt;h3 id="listen-now"&gt;Listen Now&lt;/h3&gt;
&lt;p&gt;Tune in to hear our discussion on the new rules of cyber incident response (IR).&lt;/p&gt;
&lt;h2 id="key-takeaways"&gt;Key Takeaways&lt;/h2&gt;
&lt;p&gt;Why speed is everything in breach response&lt;/p&gt;</description></item><item><title>How Do You Sell Really Expensive Security Software?</title><link>https://securitycocktailhour.com/episodes/episode-52-how-do-you-sell-really-expensive-security-software/</link><pubDate>Sun, 23 Mar 2025 00:00:00 +0000</pubDate><guid>https://securitycocktailhour.com/episodes/episode-52-how-do-you-sell-really-expensive-security-software/</guid><description>&lt;p&gt;Selling six-figure security solutions isn’t about flashy demos or steak dinners—it’s about trust, relationships, and delivering real value. In this episode of the Security Cocktail Hour, we go inside the world of cybersecurity sales with Trevor Marcotte, founder of TnK Tech and a longtime industry insider. Trevor reveals how deals actually get done in the high-stakes world of cybersecurity—from building trust with IT buyers and CISOs to navigating complex vendor relationships and solving real problems for clients. Alongside co-hosts Joe Patti and Adam Roth, Trevor shares why people matter more than products, and how trust beats tools every time.&lt;/p&gt;</description></item><item><title>From the Battlefield to the Boardroom: High-Stakes Cyber Security</title><link>https://securitycocktailhour.com/episodes/episode-50-from-the-battlefield-to-the-boardroom-high-stakes-cyber-security/</link><pubDate>Fri, 28 Feb 2025 00:00:00 +0000</pubDate><guid>https://securitycocktailhour.com/episodes/episode-50-from-the-battlefield-to-the-boardroom-high-stakes-cyber-security/</guid><description>&lt;p&gt;Ever wondered what it&amp;rsquo;s like to lead cybersecurity on the front lines? In this episode of Security Cocktail Hour, we sit down with Keren de Via, a former IDF officer and trailblazing Chief Information Security Officer (CISO), who shares her extraordinary journey from military leadership to navigating the complex world of corporate cybersecurity.&lt;/p&gt;
&lt;h2 id="episode-highlights"&gt;Episode Highlights&lt;/h2&gt;
&lt;h3 id="listen-now"&gt;Listen Now&lt;/h3&gt;
&lt;p&gt;Tune in to hear our discussion on from the battlefield to the boardroom: high-stakes cyber security.&lt;/p&gt;</description></item><item><title>Agentic AI Security: Full Speed into the Unknown</title><link>https://securitycocktailhour.com/episodes/episode-51-agentic-ai-security-full-speed-into-the-unknown/</link><pubDate>Tue, 18 Feb 2025 00:00:00 +0000</pubDate><guid>https://securitycocktailhour.com/episodes/episode-51-agentic-ai-security-full-speed-into-the-unknown/</guid><description>&lt;p&gt;Agentic AI is changing the game—but is it a security nightmare in the making? In this episode of the Security Cocktail Hour, co-hosts Joe Patti and Adam Roth sit down with Kevin O’Connor to dive into one of the hottest (and most misunderstood) topics in cybersecurity: Agentic AI Security.&lt;/p&gt;
&lt;h2 id="episode-highlights"&gt;Episode Highlights&lt;/h2&gt;
&lt;h3 id="listen-now"&gt;Listen Now&lt;/h3&gt;
&lt;p&gt;Tune in to hear our discussion on agentic ai security: full speed into the unknown.&lt;/p&gt;</description></item><item><title>Metawar: Winn Schwartau on How to Win the Fight for Our Minds</title><link>https://securitycocktailhour.com/episodes/episode-49-metawar-winn-schwartau-on-how-to-win-the-fight-for-our-minds/</link><pubDate>Fri, 14 Feb 2025 00:00:00 +0000</pubDate><guid>https://securitycocktailhour.com/episodes/episode-49-metawar-winn-schwartau-on-how-to-win-the-fight-for-our-minds/</guid><description>&lt;p&gt;If you thought the tech industry only wanted your money, think again &amp;ndash; they&amp;rsquo;re coming after your mind. Guest Winn Schwartau describes how in his new book &amp;ldquo;The Art and Science of Metawar: How to Coexist With AI-Driven Reality Distortion, Disinformation, &amp;amp; Addiction&amp;rdquo;. Join us to learn what Metawar is, how we can protect ourselves with cognitive defenses and why immediate action is crucial, because it&amp;rsquo;s already begun.&lt;/p&gt;
&lt;h2 id="episode-highlights"&gt;Episode Highlights&lt;/h2&gt;
&lt;h3 id="listen-now"&gt;Listen Now&lt;/h3&gt;
&lt;p&gt;Tune in to hear our discussion on metawar: winn schwartau on how to win the fight for our minds.&lt;/p&gt;</description></item><item><title>Ransomware and Hawaiian Shirts: Another Friday in Cyber Security</title><link>https://securitycocktailhour.com/episodes/episode-48-ransomware-and-hawaiian-shirts-another-friday-in-cyber-security/</link><pubDate>Thu, 06 Feb 2025 00:00:00 +0000</pubDate><guid>https://securitycocktailhour.com/episodes/episode-48-ransomware-and-hawaiian-shirts-another-friday-in-cyber-security/</guid><description>&lt;p&gt;Previous guest Jennifer Gold returns for another episode, and this time she&amp;rsquo;s brought friends: cyber and intelligence veterans Patrick Arvidson and Roger Hockenberry. Together, they delve into the evolving world of cybersecurity, sharing insider perspectives from the CIA, NSA, and the private sector. Learn how attackers exploit weekends, discover the real cost of third-party risks, and uncover why “intelligence” might not always mean what you think. Plus, hear about the creative side of coding, retro hacking nostalgia, and the challenges of managing risk in a hyperconnected world.&lt;/p&gt;</description></item><item><title>Landing Your First Cyber Security Job | The Experience Dilemma</title><link>https://securitycocktailhour.com/episodes/episode-47-landing-your-first-cyber-security-job-the-experience-dilemma/</link><pubDate>Mon, 13 Jan 2025 00:00:00 +0000</pubDate><guid>https://securitycocktailhour.com/episodes/episode-47-landing-your-first-cyber-security-job-the-experience-dilemma/</guid><description>&lt;p&gt;You need experience to get even an entry level job, but how to do you get a job if you don&amp;rsquo;t have experience? For years this classic dilemma didn&amp;rsquo;t apply to cybersecurity, but times have changed. Newly minted security consultant Jerry Sinayuk of NukuDo tells us how he got trained and is lining up his first consulting engagements &amp;ndash; all while getting paid. Join us to learn about this new approach to breaking into a high-tech industry that&amp;rsquo;s actually centuries old. And if that isn&amp;rsquo;t enough to hit a lot of keyword searches, Jerry also shares his passion for blockchain technology and gives his unvarnished opinion on NFT&amp;rsquo;s.&lt;/p&gt;</description></item><item><title>Securing AI: Misbehavior Even the Experts Couldn't Predict</title><link>https://securitycocktailhour.com/episodes/episode-46-securing-ai-misbehavior-even-the-experts-couldnt-predict/</link><pubDate>Tue, 17 Dec 2024 00:00:00 +0000</pubDate><guid>https://securitycocktailhour.com/episodes/episode-46-securing-ai-misbehavior-even-the-experts-couldnt-predict/</guid><description>&lt;p&gt;Artificial intelligence is revolutionizing industries, and cybersecurity experts are navigating uncharted territory to keep pace. In this episode of the Security Cocktail Hour podcast, Alec Crawford, Founder and CEO of AI Risk, Inc., joins co-hosts Joe Patti and Adam Roth for a dive into the practical, technical, and ethical challenges of AI - including some surprises nobody saw coming, as well as what an adversary can do with a drone. From early work with neural networks to cutting edge large language models, Alec shares the challenges he&amp;rsquo;s taking on to secure today’s generative AI models.&lt;/p&gt;</description></item><item><title>Holiday Scams Unwrapped | Tips to Stay Safe This Season</title><link>https://securitycocktailhour.com/episodes/episode-45-holiday-scams-unwrapped-tips-to-stay-safe-this-season/</link><pubDate>Tue, 03 Dec 2024 00:00:00 +0000</pubDate><guid>https://securitycocktailhour.com/episodes/episode-45-holiday-scams-unwrapped-tips-to-stay-safe-this-season/</guid><description>&lt;p&gt;This holiday season, don’t let scams ruin the festive spirit! In this special holiday episode of the Security Cocktail Hour, co-hosts Joe Patti and Adam Roth break down the most common holiday scams, from the classics to the sneaky new ones you’ve never heard of. From fake gift card requests to sophisticated AI-driven scams, we’ll teach you how to stay one step ahead of the scammers.&lt;/p&gt;
&lt;h2 id="episode-highlights"&gt;Episode Highlights&lt;/h2&gt;
&lt;h3 id="listen-now"&gt;Listen Now&lt;/h3&gt;
&lt;p&gt;Tune in to hear our discussion on holiday scams unwrapped | tips to stay safe this season.&lt;/p&gt;</description></item><item><title>Breaking In and Locking Down: From Hacker to Cyber Defender</title><link>https://securitycocktailhour.com/episodes/episode-44-breaking-in-and-locking-down-from-hacker-to-cyber-defender/</link><pubDate>Fri, 22 Nov 2024 00:00:00 +0000</pubDate><guid>https://securitycocktailhour.com/episodes/episode-44-breaking-in-and-locking-down-from-hacker-to-cyber-defender/</guid><description>&lt;p&gt;Are your organization&amp;rsquo;s security gaps leaving the door wide open for attackers? In this episode of the Security Cocktail Hour podcast, co-hosts Joe Patti and Adam Roth sit down with seasoned penetration tester and identity security expert Jason Luttrell. Jason shares fascinating stories from his days of hacking banks, infiltrating data centers, and even dumpster diving, all legitimate work for his customers, to expose the vulnerabilities they never knew existed. Discover why physical security is just as critical as digital defenses and how attackers exploit overlooked entry points. Later, the discussion shifts to the evolving landscape of identity management and why protecting access credentials is the cornerstone of modern cybersecurity. Learn about the latest best practices for managing passwords, including the use of password managers, multi-factor authentication (MFA), and techniques to avoid common pitfalls you may be using. Plus, hear Jason&amp;rsquo;s take on emerging alternatives like passkeys and why they might still be a long way from replacing passwords entirely.&lt;/p&gt;</description></item><item><title>Cybersecurity for EMTs and First Responders | Protecting Patients and Professionals</title><link>https://securitycocktailhour.com/episodes/episode-43-cybersecurity-for-emts-and-first-responders-protecting-patients-and-professional/</link><pubDate>Thu, 07 Nov 2024 00:00:00 +0000</pubDate><guid>https://securitycocktailhour.com/episodes/episode-43-cybersecurity-for-emts-and-first-responders-protecting-patients-and-professional/</guid><description>&lt;p&gt;In this episode, leadership trainer, EMT, and former NYPD officer Mike Chanat joins us for a dive into the unique cybersecurity challenges facing EMTs and other first responders. Mike flips the script on hosts Adam Roth and Joe Patti, asking them to share realistic cybersecurity tips that protect both medical responders and their patients. And Mike shows us how the focus on communication, mindset and empathy he brings to his students will also make a difference in cybersecurity.&lt;/p&gt;</description></item><item><title>Retail Crime Prevention | Using AI to Respond to a Growing Threat</title><link>https://securitycocktailhour.com/episodes/episode-42-retail-crime-prevention-using-ai-to-respond-to-a-growing-threat/</link><pubDate>Tue, 29 Oct 2024 00:00:00 +0000</pubDate><guid>https://securitycocktailhour.com/episodes/episode-42-retail-crime-prevention-using-ai-to-respond-to-a-growing-threat/</guid><description>&lt;p&gt;Organized retail crime is more complex than you might think—it&amp;rsquo;s not small-time shoplifting, it&amp;rsquo;s big business run by bad people. In this episode, Doug Horsting, a loss prevention expert from a major retail chain, and Dean Takacs, CEO of Detective Analytics, join hosts Joe and Adam to reveal how they&amp;rsquo;re using technology to enhance traditional investigation techniques to keep up with increasingly bold and sophisticated criminals. Discover how AI, data, and most importantly, trust and collaboration with law enforcement are transforming retail loss prevention, and what cybersecurity experts in the digital world can learn from their success.&lt;/p&gt;</description></item><item><title>Everybody Makes Mistakes – Including Cybersecurity Pros</title><link>https://securitycocktailhour.com/episodes/episode-41-everybody-makes-mistakes-including-cybersecurity-pros/</link><pubDate>Tue, 15 Oct 2024 00:00:00 +0000</pubDate><guid>https://securitycocktailhour.com/episodes/episode-41-everybody-makes-mistakes-including-cybersecurity-pros/</guid><description>&lt;p&gt;Cybersecurity breaches happen for many reasons, but one factor stands out: human error. In this episode, we gather top experts from across the security field to share their personal stories of mistakes made, how they recovered, and the hard-earned lessons that followed. Tune in for practical advice and insights from seasoned professionals who know that no one is immune to making a mistake — no matter how experienced.&lt;/p&gt;
&lt;h2 id="episode-highlights"&gt;Episode Highlights&lt;/h2&gt;
&lt;h3 id="listen-now"&gt;Listen Now&lt;/h3&gt;
&lt;p&gt;Tune in to hear our discussion on everybody makes mistakes – including cybersecurity pros.&lt;/p&gt;</description></item><item><title>Fighting Cybersecurity Threats Together | How Government &amp; Private Industry Collaborate</title><link>https://securitycocktailhour.com/episodes/episode-40-fighting-cybersecurity-threats-together-how-government-private-industry-collabor/</link><pubDate>Tue, 08 Oct 2024 00:00:00 +0000</pubDate><guid>https://securitycocktailhour.com/episodes/episode-40-fighting-cybersecurity-threats-together-how-government-private-industry-collabor/</guid><description>&lt;p&gt;Can government and private industry really work together? They can, and nobody knows this better than Jennifer Gold, president of New York Metro InfraGard and Chief Information Security Officer of Risk Aperture. In this episode, Jennifer helps us understand how cybercriminals are innovating, the new challenges AI and deep fakes present, and how leaders like her are bringing together public and private security experts to counter those threats. Closer to home, Jennifer shares her insights on how you can protect your family from cyber risks.&lt;/p&gt;</description></item><item><title>Building a Successful Cybersecurity Career | Seizing Opportunities and Always Learning</title><link>https://securitycocktailhour.com/episodes/episode-39-building-a-successful-cybersecurity-career-seizing-opportunities-and-always-lear/</link><pubDate>Tue, 01 Oct 2024 00:00:00 +0000</pubDate><guid>https://securitycocktailhour.com/episodes/episode-39-building-a-successful-cybersecurity-career-seizing-opportunities-and-always-lear/</guid><description>&lt;p&gt;In this episode, industry veteran Gurinder Bhatti tells us how seizing an opportunity propelled him from an internship to a thriving career in cybersecurity. From navigating unexpected outages to landing a spot on NBC News, Gurinder recounts the lessons learned and takeaways from his experiences in his varied career. He discusses the importance of learning through experience, constantly adapting, and the bold moves that accelerated his career forward.&lt;/p&gt;
&lt;h2 id="episode-highlights"&gt;Episode Highlights&lt;/h2&gt;
&lt;h3 id="listen-now"&gt;Listen Now&lt;/h3&gt;
&lt;p&gt;Tune in to hear our discussion on building a successful cybersecurity career | seizing opportunities and always learning.&lt;/p&gt;</description></item><item><title>Why Data Breaches Keep Getting Worse</title><link>https://securitycocktailhour.com/episodes/episode-38-why-data-breaches-keep-getting-worse/</link><pubDate>Tue, 17 Sep 2024 00:00:00 +0000</pubDate><guid>https://securitycocktailhour.com/episodes/episode-38-why-data-breaches-keep-getting-worse/</guid><description>&lt;p&gt;Why are data breaches escalating, even in companies with massive security budgets? In this episode, we reveal the hidden factors fueling the rise of breaches that expose the data of hundreds of millions of people at a time. Has this become the new normal, or will things get better? Tune in to learn what’s really going on behind the scenes in cybersecurity, and how companies keep failing to protect your personal information.&lt;/p&gt;</description></item><item><title>Cybersecurity and AI | What the Experts Are Worried About, and What They're Doing</title><link>https://securitycocktailhour.com/episodes/episode-37-cybersecurity-and-ai-what-the-experts-are-worried-about-and-what-theyre-doing/</link><pubDate>Tue, 03 Sep 2024 00:00:00 +0000</pubDate><guid>https://securitycocktailhour.com/episodes/episode-37-cybersecurity-and-ai-what-the-experts-are-worried-about-and-what-theyre-doing/</guid><description>&lt;p&gt;Our panel of cyber security all-stars dishes on how the industry is thinking about and handling artificial intelligence (AI). Get ready for surprising insights on hot topics like deepfakes, privacy and the real dangers and promise of AI. What they believe everyone should worry about most will surprise you. Thanks to guests Francie Dudrey, Mike Pedrick and Chris Roberts.&lt;/p&gt;
&lt;h2 id="episode-highlights"&gt;Episode Highlights&lt;/h2&gt;
&lt;h3 id="listen-now"&gt;Listen Now&lt;/h3&gt;
&lt;p&gt;Tune in to hear our discussion on cybersecurity and ai | what the experts are worried about, and what they&amp;rsquo;re doing.&lt;/p&gt;</description></item><item><title>InfoSec Job Market: Living in the Chaotic Age</title><link>https://securitycocktailhour.com/episodes/episode-36-infosec-job-market-living-in-the-chaotic-age/</link><pubDate>Thu, 08 Aug 2024 00:00:00 +0000</pubDate><guid>https://securitycocktailhour.com/episodes/episode-36-infosec-job-market-living-in-the-chaotic-age/</guid><description>&lt;p&gt;With fierce competition and the rise of AI, the job market for information security sure ain&amp;rsquo;t what it used to be. Security recruiter Alexandra Nickoli shares her advice for landing a job in this tough market. Plus, get her veteran insights on: How today compares to the dark days of 2009; When we&amp;rsquo;ll pull out of this tailspin; Whether AI will prove a benefit or a challenge for job seekers in the future.&lt;/p&gt;</description></item><item><title>Hacking Your Way into a Security Career with Nathali Cano</title><link>https://securitycocktailhour.com/episodes/episode-35-hacking-your-way-into-a-security-career-with-nathali-cano/</link><pubDate>Tue, 23 Jul 2024 00:00:00 +0000</pubDate><guid>https://securitycocktailhour.com/episodes/episode-35-hacking-your-way-into-a-security-career-with-nathali-cano/</guid><description>&lt;p&gt;People often take a non-traditional path into the field of information security, and Nathali Cano’s journey is one of the most unique we’ve ever encountered. How she became “a social worker that happens to be a cybersecurity engineer” is a fascinating story of a single mom making opportunities for herself out of nothing but hard work and determination, and how she continues to give back to the community. Join us for an episode you’ll want to hear until the end.&lt;/p&gt;</description></item><item><title>(Security) Perception is Everything with Douglas Marzano</title><link>https://securitycocktailhour.com/episodes/episode-34-security-perception-is-everything-with-douglas-marzano/</link><pubDate>Tue, 09 Jul 2024 00:00:00 +0000</pubDate><guid>https://securitycocktailhour.com/episodes/episode-34-security-perception-is-everything-with-douglas-marzano/</guid><description>&lt;p&gt;When you lead an information security organization, you get asked one question constantly: Are we secure? Veteran Chief Information Security Officer (CISO) Douglas Marzano joins us to discuss how to answer this seemingly simple question, which cuts to the core of the security leader’s job of managing perceptions and expectations. Whether you’re a ‘civilian’ looking to understand the real art of security or a security technologist who wonders what the boss does all day, tune in for an episode that might change the way you look at the field.&lt;/p&gt;</description></item><item><title>Surviving an Identity Crisis with Venkat Raghavan</title><link>https://securitycocktailhour.com/episodes/episode-33-surviving-an-identity-crisis-with-venkat-raghavan/</link><pubDate>Wed, 26 Jun 2024 00:00:00 +0000</pubDate><guid>https://securitycocktailhour.com/episodes/episode-33-surviving-an-identity-crisis-with-venkat-raghavan/</guid><description>&lt;p&gt;Your digital identity is more than just your username and password. In fact, as AI continues to evolve, how we define identity online is changing, and so is how we prove who we are.In this episode, we delve into the future of digital identity with Venkat Raghavan, the CEO of Stack Identity and a seasoned expert in the field. Venkat breaks down the latest challenges and their real-world implications for all of us, from how we sign in to how hackers breach systems.&lt;/p&gt;</description></item><item><title>Going into OT (Operational Technology) with Robert Lee</title><link>https://securitycocktailhour.com/episodes/episode-32-going-into-ot-operational-technology-with-robert-lee/</link><pubDate>Tue, 11 Jun 2024 00:00:00 +0000</pubDate><guid>https://securitycocktailhour.com/episodes/episode-32-going-into-ot-operational-technology-with-robert-lee/</guid><description>&lt;p&gt;We usually talk about information technology, but the real world runs on power, water and factories – and protecting them from attack is a whole different ballgame. Robert Lee, CEO of Dragos, gives us a fascinating introduction to Operational Technology (OT) cyber security. Listen in to learn about how Robert and colleagues secure the infrastructure that keeps civilization running. Spoiler Alert: It’s not what you expect, even if you’re an IT security expert.&lt;/p&gt;</description></item><item><title>The Security Career Reality Check with May Brooks-Kempler</title><link>https://securitycocktailhour.com/episodes/episode-30-the-security-career-reality-check-with-may-brooks-kempler/</link><pubDate>Tue, 07 May 2024 00:00:00 +0000</pubDate><guid>https://securitycocktailhour.com/episodes/episode-30-the-security-career-reality-check-with-may-brooks-kempler/</guid><description>&lt;p&gt;Let’s be honest: Not everyone’s cut out to be the boss, and those who are often don’t want the job. That’s especially true in security, where many people consider the role of Chief Information Security Officer (CISO) more of a sentence than a promotion. Executive, author, podcaster and recovering CISO May Brooks-Kempler gives us her take on whether sitting in the big chair is all it’s cracked up to be, as well as her unorthodox take on privacy that’ll get you thinking.&lt;/p&gt;</description></item><item><title>Mad AIs and Poisoned LLMs: Fighting Digital Insanity with Michael Silva</title><link>https://securitycocktailhour.com/episodes/episode-29-mad-ais-and-poisoned-llms-fighting-digital-insanity-with-michael-silva/</link><pubDate>Tue, 16 Apr 2024 00:00:00 +0000</pubDate><guid>https://securitycocktailhour.com/episodes/episode-29-mad-ais-and-poisoned-llms-fighting-digital-insanity-with-michael-silva/</guid><description>&lt;p&gt;We jump back into the world of generative AI with CEO and entrepreneur Michael Silva. Michael gives us his take on how a large language model (LLM) can steer you wrong and how to stay on a path to reality.&lt;/p&gt;
&lt;h2 id="episode-highlights"&gt;Episode Highlights&lt;/h2&gt;
&lt;h3 id="listen-now"&gt;Listen Now&lt;/h3&gt;
&lt;p&gt;Tune in to hear our discussion on mad ais and poisoned llms: fighting digital insanity with michael silva.&lt;/p&gt;</description></item><item><title>Threat Intelligence with Ryan Westman</title><link>https://securitycocktailhour.com/episodes/episode-28-threat-intelligence-with-ryan-westman/</link><pubDate>Wed, 20 Mar 2024 00:00:00 +0000</pubDate><guid>https://securitycocktailhour.com/episodes/episode-28-threat-intelligence-with-ryan-westman/</guid><description>&lt;p&gt;What is threat intelligence, and what makes it so&amp;hellip;threat-y? Ryan Westman of eSentire explains it to us, and also shows us a neat Mac trick that&amp;rsquo;ll make you feel better about overpaying for a laptop.&lt;/p&gt;
&lt;h2 id="episode-highlights"&gt;Episode Highlights&lt;/h2&gt;
&lt;h3 id="listen-now"&gt;Listen Now&lt;/h3&gt;
&lt;p&gt;Tune in to hear our discussion on threat intelligence with ryan westman.&lt;/p&gt;</description></item><item><title>Purple Teaming with Reut Weitzman</title><link>https://securitycocktailhour.com/episodes/episode-27-purple-teaming-with-reut-weitzman/</link><pubDate>Fri, 08 Mar 2024 00:00:00 +0000</pubDate><guid>https://securitycocktailhour.com/episodes/episode-27-purple-teaming-with-reut-weitzman/</guid><description>&lt;p&gt;Security consulting executive Reut Weitzman returns to the show to talk about one of our favorite topics, conducting a purple team exercise. Join us to learn what happens when attackers square off against defenders to test a security team’s capabilities.&lt;/p&gt;
&lt;h2 id="episode-highlights"&gt;Episode Highlights&lt;/h2&gt;
&lt;h3 id="listen-now"&gt;Listen Now&lt;/h3&gt;
&lt;p&gt;Tune in to hear our discussion on purple teaming with reut weitzman.&lt;/p&gt;</description></item><item><title>AI and the Future of Security with John Dwyer</title><link>https://securitycocktailhour.com/episodes/episode-26-ai-and-the-future-of-security-with-john-dwyer/</link><pubDate>Fri, 02 Feb 2024 00:00:00 +0000</pubDate><guid>https://securitycocktailhour.com/episodes/episode-26-ai-and-the-future-of-security-with-john-dwyer/</guid><description>&lt;p&gt;Security incident response veteran John Dwyer joins us for a deep dive into how AI is poised to bend reality, and what that means for both attackers and defenders. We also cover how security incidents are now straddling the cyber and real worlds. Join us for some fresh thinking on where security is headed.&lt;/p&gt;
&lt;h2 id="episode-highlights"&gt;Episode Highlights&lt;/h2&gt;
&lt;h3 id="listen-now"&gt;Listen Now&lt;/h3&gt;
&lt;p&gt;Tune in to hear our discussion on ai and the future of security with john dwyer.&lt;/p&gt;</description></item><item><title>Seven Trillion Reasons to Drink, from Eric O’Neill</title><link>https://securitycocktailhour.com/episodes/episode-25-seven-trillion-reasons-to-drink-from-eric-oneill/</link><pubDate>Thu, 18 Jan 2024 00:00:00 +0000</pubDate><guid>https://securitycocktailhour.com/episodes/episode-25-seven-trillion-reasons-to-drink-from-eric-oneill/</guid><description>&lt;p&gt;Legendary spy hunter and security thought leader Eric O’Neill puts the cost of cybercrime worldwide at seven trillion dollars. Eric joins us to share his sobering thoughts about that and other topics including the Dark Web, ransomware and infrastructure vulnerability. Plus some bonus tips for driving in DC.&lt;/p&gt;
&lt;h2 id="episode-highlights"&gt;Episode Highlights&lt;/h2&gt;
&lt;h3 id="listen-now"&gt;Listen Now&lt;/h3&gt;
&lt;p&gt;Tune in to hear our discussion on seven trillion reasons to drink, from eric o’neill.&lt;/p&gt;</description></item><item><title>What Keeps Monte Fabiani Up at Night</title><link>https://securitycocktailhour.com/episodes/episode-24-what-keeps-monte-fabiani-up-at-night/</link><pubDate>Tue, 02 Jan 2024 00:00:00 +0000</pubDate><guid>https://securitycocktailhour.com/episodes/episode-24-what-keeps-monte-fabiani-up-at-night/</guid><description>&lt;p&gt;Security veteran Monte Fabiani tells us about the many SOCs (Security Operations Centers) he’s built and run, and how being in that end of the business can make it hard to sleep at night. We also get meta about how we started podcasting and brainstorm some future ideas.&lt;/p&gt;
&lt;h2 id="episode-highlights"&gt;Episode Highlights&lt;/h2&gt;
&lt;h3 id="listen-now"&gt;Listen Now&lt;/h3&gt;
&lt;p&gt;Tune in to hear our discussion on what keeps monte fabiani up at night.&lt;/p&gt;</description></item><item><title>Holiday Security Tips and Negronis with Reut Weitzman</title><link>https://securitycocktailhour.com/episodes/episode-23-holiday-security-tips-and-negronis-with-reut-weitzman/</link><pubDate>Fri, 08 Dec 2023 00:00:00 +0000</pubDate><guid>https://securitycocktailhour.com/episodes/episode-23-holiday-security-tips-and-negronis-with-reut-weitzman/</guid><description>&lt;p&gt;The holidays are a time for joy. It’s also a time when thieves and scammers up their game in the cyber world, looking to put a damper on everyone’s good cheer. Security consultant Reut Weitzman joins us to share tips to keep the bad guys from spoiling your holidays.&lt;/p&gt;
&lt;h2 id="episode-highlights"&gt;Episode Highlights&lt;/h2&gt;
&lt;h3 id="listen-now"&gt;Listen Now&lt;/h3&gt;
&lt;p&gt;Tune in to hear our discussion on holiday security tips and negronis with reut weitzman.&lt;/p&gt;</description></item><item><title>Zero Trust and 80 Proof Bourbon with Adam Kohler</title><link>https://securitycocktailhour.com/episodes/episode-22-zero-trust-and-80-proof-bourbon-with-adam-kohler/</link><pubDate>Mon, 20 Nov 2023 00:00:00 +0000</pubDate><guid>https://securitycocktailhour.com/episodes/episode-22-zero-trust-and-80-proof-bourbon-with-adam-kohler/</guid><description>&lt;p&gt;Everyone in security says they’re committed to Zero Trust, even if they can’t agree on what it means. We take on the challenge of explaining the security industry’s favorite buzzword and the bizarre mythology around it, with the help of guest Adam Kohler and a few sips of bourbon. (Well, maybe not sips. And maybe more than a few.)&lt;/p&gt;
&lt;h2 id="episode-highlights"&gt;Episode Highlights&lt;/h2&gt;
&lt;h3 id="listen-now"&gt;Listen Now&lt;/h3&gt;
&lt;p&gt;Tune in to hear our discussion on zero trust and 80 proof bourbon with adam kohler.&lt;/p&gt;</description></item><item><title>Medical Devices, Halloween and Whiskey with Gabrielle Hempel</title><link>https://securitycocktailhour.com/episodes/episode-21-medical-devices-halloween-and-whiskey-with-gabrielle-hempel/</link><pubDate>Fri, 27 Oct 2023 00:00:00 +0000</pubDate><guid>https://securitycocktailhour.com/episodes/episode-21-medical-devices-halloween-and-whiskey-with-gabrielle-hempel/</guid><description>&lt;p&gt;It&amp;rsquo;s our Halloween episode, and we&amp;rsquo;re covering the scary topic of medical device security with guest Gabrielle Hempel, aka @gabsmashh. Gabrielle talks about her experiences with medical devices and her unconventional path into information security.&lt;/p&gt;
&lt;h2 id="episode-highlights"&gt;Episode Highlights&lt;/h2&gt;
&lt;h3 id="listen-now"&gt;Listen Now&lt;/h3&gt;
&lt;p&gt;Tune in to hear our discussion with Gabrielle Hempel.&lt;/p&gt;
&lt;h2 id="full-transcript"&gt;Full Transcript&lt;/h2&gt;
&lt;p&gt;&lt;strong&gt;[0:00]:&lt;/strong&gt;
[Music]&lt;/p&gt;
&lt;p&gt;&lt;strong&gt;[0:05]:&lt;/strong&gt;
okay Adam how you doing today I&amp;rsquo;m sorry you&amp;rsquo;re talking to me yeah I&amp;rsquo;m talk I&amp;rsquo;m talking to you I&amp;rsquo;m&lt;/p&gt;</description></item><item><title>Mai Tais with Tom Cross</title><link>https://securitycocktailhour.com/episodes/episode-20-mai-tais-with-tom-cross/</link><pubDate>Thu, 12 Oct 2023 00:00:00 +0000</pubDate><guid>https://securitycocktailhour.com/episodes/episode-20-mai-tais-with-tom-cross/</guid><description>&lt;p&gt;Tom Cross brings us more news from this year’s Black Hat conference, including details on the headline-grabbing satellite hacking challenge. It’s a fascinating look into a side of security even most cyber professionals don’t know well.&lt;/p&gt;
&lt;h2 id="episode-highlights"&gt;Episode Highlights&lt;/h2&gt;
&lt;h3 id="listen-now"&gt;Listen Now&lt;/h3&gt;
&lt;p&gt;Tune in to hear our discussion on mai tais with tom cross.&lt;/p&gt;</description></item><item><title>Tequila with Rebecca Cahak</title><link>https://securitycocktailhour.com/episodes/episode-19-tequila-with-rebecca-cahak/</link><pubDate>Tue, 19 Sep 2023 00:00:00 +0000</pubDate><guid>https://securitycocktailhour.com/episodes/episode-19-tequila-with-rebecca-cahak/</guid><description>&lt;p&gt;Guest Rebecca Cahak helps Joe and Adam get in touch with the feminine side of the business and IT worlds. We talk about her advocacy for women’s careers and leadership for women, including through her organization FIERCE. We even toss in a discussion of work-life balance and a quick zoology lesson.&lt;/p&gt;
&lt;h2 id="episode-highlights"&gt;Episode Highlights&lt;/h2&gt;
&lt;h3 id="listen-now"&gt;Listen Now&lt;/h3&gt;
&lt;p&gt;Tune in to hear our discussion on tequila with rebecca cahak.&lt;/p&gt;</description></item><item><title>Free Choice with Jason Mar-Tang</title><link>https://securitycocktailhour.com/episodes/episode-18-free-choice-with-jason-mar-tang/</link><pubDate>Tue, 05 Sep 2023 00:00:00 +0000</pubDate><guid>https://securitycocktailhour.com/episodes/episode-18-free-choice-with-jason-mar-tang/</guid><description>&lt;p&gt;This time around we welcome a native son of Staten Island, Jason Mar-Tang of Pentera. Jason tells us about the recent BlackHat conference, and we discuss the always tricky topic of how far to let a security incident progress before shutting it down. We also talk about attacking your own systems to improve your defenses, and the latest challenges in that long-established practice.&lt;/p&gt;
&lt;h2 id="episode-highlights"&gt;Episode Highlights&lt;/h2&gt;
&lt;h3 id="listen-now"&gt;Listen Now&lt;/h3&gt;
&lt;p&gt;Tune in to hear our discussion on free choice with jason mar-tang.&lt;/p&gt;</description></item><item><title>Scotch (and Tea) with Chris Roberts</title><link>https://securitycocktailhour.com/episodes/episode-17-scotch-and-tea-with-chris-roberts/</link><pubDate>Thu, 24 Aug 2023 00:00:00 +0000</pubDate><guid>https://securitycocktailhour.com/episodes/episode-17-scotch-and-tea-with-chris-roberts/</guid><description>&lt;p&gt;Adam and Joe cover a lot of ground with the legendary Chris Roberts. We start off with reports of dolphins off Staten Island and end with how to wreck a classic Porsche, plus a little bit of security talk in between. It’s a fun discussion you won’t want to miss.&lt;/p&gt;
&lt;h2 id="episode-highlights"&gt;Episode Highlights&lt;/h2&gt;
&lt;h3 id="listen-now"&gt;Listen Now&lt;/h3&gt;
&lt;p&gt;Tune in to hear our discussion on scotch (and tea) with chris roberts.&lt;/p&gt;</description></item><item><title>French 75 with Jennifer Granick</title><link>https://securitycocktailhour.com/episodes/episode-16-french-75-with-jennifer-granick/</link><pubDate>Wed, 02 Aug 2023 00:00:00 +0000</pubDate><guid>https://securitycocktailhour.com/episodes/episode-16-french-75-with-jennifer-granick/</guid><description>&lt;p&gt;Attorney and Internet civil liberties pioneer Jennifer Granick introduces us to a new cocktail and talks about the latest in the battle to protect our rights in a world of ever-increasing government surveillance.&lt;/p&gt;
&lt;h2 id="episode-highlights"&gt;Episode Highlights&lt;/h2&gt;
&lt;h3 id="listen-now"&gt;Listen Now&lt;/h3&gt;
&lt;p&gt;Tune in to hear our discussion on french 75 with jennifer granick.&lt;/p&gt;</description></item><item><title>Security Campfire Stories</title><link>https://securitycocktailhour.com/episodes/episode-14-security-campfire-stories/</link><pubDate>Thu, 22 Jun 2023 00:00:00 +0000</pubDate><guid>https://securitycocktailhour.com/episodes/episode-14-security-campfire-stories/</guid><description>&lt;p&gt;Joe and Adam gather round the virtual campfire to recount legends more chilling than any tired old monster story. Hear about the Stuxnet and Target hacks, and how these classic tales from the past are still relevant to how we detect and defend against intrusions today.&lt;/p&gt;
&lt;h2 id="episode-highlights"&gt;Episode Highlights&lt;/h2&gt;
&lt;h3 id="listen-now"&gt;Listen Now&lt;/h3&gt;
&lt;p&gt;Tune in to hear our discussion on security campfire stories.&lt;/p&gt;</description></item><item><title>Cyber Warrior</title><link>https://securitycocktailhour.com/episodes/episode-15-cyber-warrior/</link><pubDate>Sat, 17 Jun 2023 00:00:00 +0000</pubDate><guid>https://securitycocktailhour.com/episodes/episode-15-cyber-warrior/</guid><description>&lt;p&gt;Joe and Adam catch up with top tier security incident responder David Warshavski. David shares his latest insights on trends in what attackers are doing, cyber defense and the emerging security issues around AI.&lt;/p&gt;
&lt;h2 id="episode-highlights"&gt;Episode Highlights&lt;/h2&gt;
&lt;h3 id="listen-now"&gt;Listen Now&lt;/h3&gt;
&lt;p&gt;Tune in to hear our discussion on cyber warrior.&lt;/p&gt;</description></item><item><title>So You Want to Be a Security Entrepreneur</title><link>https://securitycocktailhour.com/episodes/episode-13-so-you-want-to-be-a-security-entrepreneur/</link><pubDate>Sat, 17 Jun 2023 00:00:00 +0000</pubDate><guid>https://securitycocktailhour.com/episodes/episode-13-so-you-want-to-be-a-security-entrepreneur/</guid><description>&lt;p&gt;For this episode we’re joined by Idan Wiener, co-founder and CEO of Illustria, an innovative startup in the software supply chain security space. Idan shares his thoughts and experiences from the startup world, and the things he wishes he’d known when he first set out on this journey.&lt;/p&gt;
&lt;h2 id="episode-highlights"&gt;Episode Highlights&lt;/h2&gt;
&lt;h3 id="listen-now"&gt;Listen Now&lt;/h3&gt;
&lt;p&gt;Tune in to hear our discussion on so you want to be a security entrepreneur.&lt;/p&gt;</description></item><item><title>Security Culture Club</title><link>https://securitycocktailhour.com/episodes/episode-12-security-culture-club/</link><pubDate>Thu, 08 Jun 2023 00:00:00 +0000</pubDate><guid>https://securitycocktailhour.com/episodes/episode-12-security-culture-club/</guid><description>&lt;p&gt;Joe and Adam discuss how culture and the human element impact security, with infrastructure and disaster recovery expert Leticia Espinosa. We cover the harsh realities that go beyond technology, including what security people really think of that security awareness training your company makes you take every year.&lt;/p&gt;
&lt;h2 id="episode-highlights"&gt;Episode Highlights&lt;/h2&gt;
&lt;h3 id="listen-now"&gt;Listen Now&lt;/h3&gt;
&lt;p&gt;Tune in to hear our discussion on security culture club.&lt;/p&gt;</description></item><item><title>How to Hire a Security Team</title><link>https://securitycocktailhour.com/episodes/episode-11-how-to-hire-a-security-team/</link><pubDate>Thu, 01 Jun 2023 00:00:00 +0000</pubDate><guid>https://securitycocktailhour.com/episodes/episode-11-how-to-hire-a-security-team/</guid><description>&lt;p&gt;If you think getting your first job in security is hard, try hiring qualified security people. Joe and Adam open up their bag of tricks on hiring hard-to-find talent to build a top-notch security team.&lt;/p&gt;
&lt;h2 id="episode-highlights"&gt;Episode Highlights&lt;/h2&gt;
&lt;h3 id="listen-now"&gt;Listen Now&lt;/h3&gt;
&lt;p&gt;Tune in to hear our discussion on how to hire a security team.&lt;/p&gt;</description></item><item><title>Internet Privacy - Hardcore Edition</title><link>https://securitycocktailhour.com/episodes/episode-10/</link><pubDate>Tue, 23 May 2023 00:00:00 +0000</pubDate><guid>https://securitycocktailhour.com/episodes/episode-10/</guid><description>&lt;p&gt;For part two of our series on Internet privacy, we talk about playing in the big leagues: How dissidents, journalists, whistleblowers and others with tough adversaries can protect themselves with tools like Tor and Tails.&lt;/p&gt;
&lt;h2 id="episode-highlights"&gt;Episode Highlights&lt;/h2&gt;
&lt;h3 id="listen-now"&gt;Listen Now&lt;/h3&gt;
&lt;p&gt;Tune in to hear our discussion on this topic.&lt;/p&gt;</description></item><item><title>Internet Privacy - Everyone Edition</title><link>https://securitycocktailhour.com/episodes/episode-09/</link><pubDate>Thu, 18 May 2023 00:00:00 +0000</pubDate><guid>https://securitycocktailhour.com/episodes/episode-09/</guid><description>&lt;p&gt;Joe and Adam deliver a primer on Internet privacy focusing on Big Tech and other commercial players: Who wants your data, how they get it and how to protect your own interests when they won’t (which is always). This is the first episode of a two-part series on Internet privacy. Next up: Dealing with tougher adversaries like nation states.&lt;/p&gt;
&lt;h2 id="episode-highlights"&gt;Episode Highlights&lt;/h2&gt;
&lt;h3 id="listen-now"&gt;Listen Now&lt;/h3&gt;
&lt;p&gt;Tune in to hear our discussion on this topic.&lt;/p&gt;</description></item><item><title>Small Business Security</title><link>https://securitycocktailhour.com/episodes/episode-08/</link><pubDate>Wed, 10 May 2023 00:00:00 +0000</pubDate><guid>https://securitycocktailhour.com/episodes/episode-08/</guid><description>&lt;p&gt;Joe and Adam welcome their first guest, Sal Toner of F.C. Chaos Boxing and Fitness, to talk about his security challenges as a small business owner and how to solve them without the big corporate price tag.&lt;/p&gt;
&lt;h2 id="episode-highlights"&gt;Episode Highlights&lt;/h2&gt;
&lt;h3 id="listen-now"&gt;Listen Now&lt;/h3&gt;
&lt;p&gt;Tune in to hear our discussion on this topic.&lt;/p&gt;</description></item><item><title>The Mandatory AI Security Episode</title><link>https://securitycocktailhour.com/episodes/episode-07/</link><pubDate>Tue, 02 May 2023 00:00:00 +0000</pubDate><guid>https://securitycocktailhour.com/episodes/episode-07/</guid><description>&lt;p&gt;Joe and Adam jump into the world of AI, and the new (and not so new) security risks we need to deal with.&lt;/p&gt;
&lt;h2 id="episode-highlights"&gt;Episode Highlights&lt;/h2&gt;
&lt;h3 id="listen-now"&gt;Listen Now&lt;/h3&gt;
&lt;p&gt;Tune in to hear our discussion on this topic.&lt;/p&gt;</description></item><item><title>Flipper Zero and Other Totally Legit Hacking Tools</title><link>https://securitycocktailhour.com/episodes/episode-06/</link><pubDate>Thu, 20 Apr 2023 00:00:00 +0000</pubDate><guid>https://securitycocktailhour.com/episodes/episode-06/</guid><description>&lt;p&gt;Joe and Adam decode the hype around the Flipper Zero, the latest testing device (i.e. hacker tool) to generate buzz in the security community. We go through what it does, how it fits into the wider security world and the proper use and ethics of these tools.&lt;/p&gt;
&lt;h2 id="episode-highlights"&gt;Episode Highlights&lt;/h2&gt;
&lt;h3 id="listen-now"&gt;Listen Now&lt;/h3&gt;
&lt;p&gt;Tune in to hear our discussion on this topic.&lt;/p&gt;</description></item><item><title>Security Can Be Fun</title><link>https://securitycocktailhour.com/episodes/episode-05/</link><pubDate>Sun, 09 Apr 2023 00:00:00 +0000</pubDate><guid>https://securitycocktailhour.com/episodes/episode-05/</guid><description>&lt;p&gt;Security can stress you out, but once those moments pass, they leave you with some good stories. Today we share a few to give you an idea of how a security team really works.&lt;/p&gt;
&lt;h2 id="episode-highlights"&gt;Episode Highlights&lt;/h2&gt;
&lt;h3 id="listen-now"&gt;Listen Now&lt;/h3&gt;
&lt;p&gt;Tune in to hear our discussion on this topic.&lt;/p&gt;</description></item><item><title>We'll Never Get a VPN Sponsor After This</title><link>https://securitycocktailhour.com/episodes/episode-04/</link><pubDate>Tue, 28 Mar 2023 00:00:00 +0000</pubDate><guid>https://securitycocktailhour.com/episodes/episode-04/</guid><description>&lt;p&gt;These days it seems like you can’t watch YouTube without seeing an ad for a VPN service. Do you really need one? Of course, it depends…&lt;/p&gt;
&lt;h2 id="episode-highlights"&gt;Episode Highlights&lt;/h2&gt;
&lt;h3 id="listen-now"&gt;Listen Now&lt;/h3&gt;
&lt;p&gt;Tune in to hear our discussion on this topic.&lt;/p&gt;</description></item><item><title>Can You Trust a Hacked Company?</title><link>https://securitycocktailhour.com/episodes/episode-03/</link><pubDate>Sun, 26 Mar 2023 00:00:00 +0000</pubDate><guid>https://securitycocktailhour.com/episodes/episode-03/</guid><description>&lt;p&gt;The number of companies that have experienced serious security breaches continues to grow. At this point a company you use has almost certainly joined that club. Maybe they even lost your data. Joe and Adam talk about the less than obvious realities around whether you should keep using them, or take your business elsewhere.&lt;/p&gt;
&lt;h2 id="episode-highlights"&gt;Episode Highlights&lt;/h2&gt;
&lt;h3 id="listen-now"&gt;Listen Now&lt;/h3&gt;
&lt;p&gt;Tune in to hear our discussion on this topic.&lt;/p&gt;</description></item><item><title>Passwords Must Die</title><link>https://securitycocktailhour.com/episodes/episode-01/</link><pubDate>Sun, 26 Mar 2023 00:00:00 +0000</pubDate><guid>https://securitycocktailhour.com/episodes/episode-01/</guid><description>&lt;p&gt;Joe and Adam talk about the many ways passwords are dreadful, and how we can live with them until they die the death they deserve.&lt;/p&gt;
&lt;h2 id="episode-highlights"&gt;Episode Highlights&lt;/h2&gt;
&lt;h3 id="listen-now"&gt;Listen Now&lt;/h3&gt;
&lt;p&gt;Tune in to hear our discussion on this topic.&lt;/p&gt;</description></item><item><title>Security Begins at Home</title><link>https://securitycocktailhour.com/episodes/episode-02/</link><pubDate>Sun, 26 Mar 2023 00:00:00 +0000</pubDate><guid>https://securitycocktailhour.com/episodes/episode-02/</guid><description>&lt;p&gt;Joe and Adam talk about keeping your own security house in order: home network security, home surveillance and your car as the next cyber battleground.&lt;/p&gt;
&lt;h2 id="episode-highlights"&gt;Episode Highlights&lt;/h2&gt;
&lt;h3 id="listen-now"&gt;Listen Now&lt;/h3&gt;
&lt;p&gt;Tune in to hear our discussion on this topic.&lt;/p&gt;</description></item></channel></rss>