<?xml version="1.0" encoding="utf-8" standalone="yes"?><rss version="2.0" xmlns:atom="http://www.w3.org/2005/Atom"><channel><title>Tags on Security Cocktail Hour Podcast</title><link>https://securitycocktailhour.com/tags/</link><description>Recent content in Tags on Security Cocktail Hour Podcast</description><generator>Hugo</generator><language>en-us</language><lastBuildDate>Wed, 26 Nov 2025 00:00:00 +0000</lastBuildDate><atom:link href="https://securitycocktailhour.com/tags/index.xml" rel="self" type="application/rss+xml"/><item><title>Artificial-Intelligence</title><link>https://securitycocktailhour.com/tags/artificial-intelligence/</link><pubDate>Wed, 26 Nov 2025 00:00:00 +0000</pubDate><guid>https://securitycocktailhour.com/tags/artificial-intelligence/</guid><description/></item><item><title>Communication</title><link>https://securitycocktailhour.com/tags/communication/</link><pubDate>Wed, 26 Nov 2025 00:00:00 +0000</pubDate><guid>https://securitycocktailhour.com/tags/communication/</guid><description/></item><item><title>Compliance</title><link>https://securitycocktailhour.com/tags/compliance/</link><pubDate>Wed, 26 Nov 2025 00:00:00 +0000</pubDate><guid>https://securitycocktailhour.com/tags/compliance/</guid><description/></item><item><title>Data-Protection</title><link>https://securitycocktailhour.com/tags/data-protection/</link><pubDate>Wed, 26 Nov 2025 00:00:00 +0000</pubDate><guid>https://securitycocktailhour.com/tags/data-protection/</guid><description/></item><item><title>Governance</title><link>https://securitycocktailhour.com/tags/governance/</link><pubDate>Wed, 26 Nov 2025 00:00:00 +0000</pubDate><guid>https://securitycocktailhour.com/tags/governance/</guid><description/></item><item><title>High-Frequency-Trading</title><link>https://securitycocktailhour.com/tags/high-frequency-trading/</link><pubDate>Wed, 26 Nov 2025 00:00:00 +0000</pubDate><guid>https://securitycocktailhour.com/tags/high-frequency-trading/</guid><description/></item><item><title>Incident-Response</title><link>https://securitycocktailhour.com/tags/incident-response/</link><pubDate>Wed, 26 Nov 2025 00:00:00 +0000</pubDate><guid>https://securitycocktailhour.com/tags/incident-response/</guid><description/></item><item><title>Leadership</title><link>https://securitycocktailhour.com/tags/leadership/</link><pubDate>Wed, 26 Nov 2025 00:00:00 +0000</pubDate><guid>https://securitycocktailhour.com/tags/leadership/</guid><description/></item><item><title>Network-Security</title><link>https://securitycocktailhour.com/tags/network-security/</link><pubDate>Wed, 26 Nov 2025 00:00:00 +0000</pubDate><guid>https://securitycocktailhour.com/tags/network-security/</guid><description/></item><item><title>Performance</title><link>https://securitycocktailhour.com/tags/performance/</link><pubDate>Wed, 26 Nov 2025 00:00:00 +0000</pubDate><guid>https://securitycocktailhour.com/tags/performance/</guid><description/></item><item><title>Risk-Management</title><link>https://securitycocktailhour.com/tags/risk-management/</link><pubDate>Wed, 26 Nov 2025 00:00:00 +0000</pubDate><guid>https://securitycocktailhour.com/tags/risk-management/</guid><description/></item><item><title>Security-Operations</title><link>https://securitycocktailhour.com/tags/security-operations/</link><pubDate>Wed, 26 Nov 2025 00:00:00 +0000</pubDate><guid>https://securitycocktailhour.com/tags/security-operations/</guid><description/></item><item><title>Shadow-It</title><link>https://securitycocktailhour.com/tags/shadow-it/</link><pubDate>Wed, 26 Nov 2025 00:00:00 +0000</pubDate><guid>https://securitycocktailhour.com/tags/shadow-it/</guid><description/></item></channel></rss>