<?xml version="1.0" encoding="utf-8" standalone="yes"?><rss version="2.0" xmlns:atom="http://www.w3.org/2005/Atom"><channel><title>Governance on Security Cocktail Hour Podcast</title><link>https://securitycocktailhour.com/tags/governance/</link><description>Recent content in Governance on Security Cocktail Hour Podcast</description><generator>Hugo</generator><language>en-us</language><lastBuildDate>Wed, 26 Nov 2025 00:00:00 +0000</lastBuildDate><atom:link href="https://securitycocktailhour.com/tags/governance/index.xml" rel="self" type="application/rss+xml"/><item><title>Shadow AI: When Innovation Outpaces Security Governance</title><link>https://securitycocktailhour.com/blog/ai-innovation-outpaces-security-governance/</link><pubDate>Wed, 26 Nov 2025 00:00:00 +0000</pubDate><guid>https://securitycocktailhour.com/blog/ai-innovation-outpaces-security-governance/</guid><description>&lt;p&gt;An IT organization can invest months making sure new systems have the security controls they need to hit their compliance goals. And while they&amp;rsquo;re doing that, a business user discovers they can solve that same problem in minutes with generative AI.&lt;/p&gt;
&lt;p&gt;This is shadow AI—and it&amp;rsquo;s becoming one of the fastest-growing challenges in cybersecurity governance.&lt;/p&gt;
&lt;p&gt;Shadow AI occurs when employees deploy AI tools and large language models (LLMs) without security review, compliance checks, or data governance. Unlike traditional shadow IT, shadow AI can process vast amounts of sensitive data in seconds. A single prompt might expose intellectual property, customer information, or confidential strategy to unauthorized systems.&lt;/p&gt;</description></item></channel></rss>