<?xml version="1.0" encoding="utf-8" standalone="yes"?><rss version="2.0" xmlns:atom="http://www.w3.org/2005/Atom"><channel><title>Performance on Security Cocktail Hour Podcast</title><link>https://securitycocktailhour.com/tags/performance/</link><description>Recent content in Performance on Security Cocktail Hour Podcast</description><generator>Hugo</generator><language>en-us</language><lastBuildDate>Wed, 26 Nov 2025 00:00:00 +0000</lastBuildDate><atom:link href="https://securitycocktailhour.com/tags/performance/index.xml" rel="self" type="application/rss+xml"/><item><title>When Nanoseconds Matter: Security for Performance-Critical Environments</title><link>https://securitycocktailhour.com/blog/when-nanoseconds-matter/</link><pubDate>Wed, 26 Nov 2025 00:00:00 +0000</pubDate><guid>https://securitycocktailhour.com/blog/when-nanoseconds-matter/</guid><description>&lt;p&gt;A nanosecond of network delay typically costs your organization nothing, unless you&amp;rsquo;re in high-frequency trading, where that same delay can mean millions of dollars in lost opportunity. For most cybersecurity teams, current security infrastructure has kept pace with business needs—but performance-critical environments demand a fundamentally different approach.&lt;/p&gt;
&lt;p&gt;This challenge extends beyond automated trading. Organizations running real-time systems—from manufacturing automation to financial services platforms—face similar trade-offs. Security controls sit between applications and their data, between users and their systems. Each security layer introduces latency, and in performance-critical environments, that latency translates directly to business impact. Traditional security architectures that work well in standard enterprise environments may not fit where speed determines competitive advantage or operational success.&lt;/p&gt;</description></item></channel></rss>