<?xml version="1.0" encoding="utf-8" standalone="yes"?><rss version="2.0" xmlns:atom="http://www.w3.org/2005/Atom"><channel><title>Communication on Security Cocktail Hour Podcast</title><link>https://securitycocktailhour.com/tags/communication/</link><description>Recent content in Communication on Security Cocktail Hour Podcast</description><generator>Hugo</generator><language>en-us</language><lastBuildDate>Wed, 26 Nov 2025 00:00:00 +0000</lastBuildDate><atom:link href="https://securitycocktailhour.com/tags/communication/index.xml" rel="self" type="application/rss+xml"/><item><title>Why Security Always Gets Blamed (And How to Change That)</title><link>https://securitycocktailhour.com/blog/why-security-always-gets-blamed/</link><pubDate>Wed, 26 Nov 2025 00:00:00 +0000</pubDate><guid>https://securitycocktailhour.com/blog/why-security-always-gets-blamed/</guid><description>&lt;p&gt;What do high frequency trading firms have in common with manufacturing companies and global service organizations? When their systems fail, network connectivity drops, or applications slow down, users often assume &amp;lsquo;It must be security.&amp;rsquo; Cybersecurity teams battle this every day.&lt;/p&gt;
&lt;p&gt;The challenge stems from security&amp;rsquo;s position at critical junctions throughout IT infrastructure. While this first occurred with legacy controls like firewalls and intrusion detection systems, modern environments face similar dynamics with cloud security platforms, identity management systems, and AI-powered security tools. When outages occur, security infrastructure becomes an investigation starting point, whether it makes sense or not.&lt;/p&gt;</description></item></channel></rss>