<?xml version="1.0" encoding="utf-8" standalone="yes"?><rss version="2.0" xmlns:atom="http://www.w3.org/2005/Atom"><channel><title>Blog on Security Cocktail Hour Podcast</title><link>https://securitycocktailhour.com/blog/</link><description>Recent content in Blog on Security Cocktail Hour Podcast</description><generator>Hugo</generator><language>en-us</language><lastBuildDate>Wed, 26 Nov 2025 00:00:00 +0000</lastBuildDate><atom:link href="https://securitycocktailhour.com/blog/index.xml" rel="self" type="application/rss+xml"/><item><title>Shadow AI: When Innovation Outpaces Security Governance</title><link>https://securitycocktailhour.com/blog/ai-innovation-outpaces-security-governance/</link><pubDate>Wed, 26 Nov 2025 00:00:00 +0000</pubDate><guid>https://securitycocktailhour.com/blog/ai-innovation-outpaces-security-governance/</guid><description>&lt;p&gt;An IT organization can invest months making sure new systems have the security controls they need to hit their compliance goals. And while they&amp;rsquo;re doing that, a business user discovers they can solve that same problem in minutes with generative AI.&lt;/p&gt;
&lt;p&gt;This is shadow AI—and it&amp;rsquo;s becoming one of the fastest-growing challenges in cybersecurity governance.&lt;/p&gt;
&lt;p&gt;Shadow AI occurs when employees deploy AI tools and large language models (LLMs) without security review, compliance checks, or data governance. Unlike traditional shadow IT, shadow AI can process vast amounts of sensitive data in seconds. A single prompt might expose intellectual property, customer information, or confidential strategy to unauthorized systems.&lt;/p&gt;</description></item><item><title>When Nanoseconds Matter: Security for Performance-Critical Environments</title><link>https://securitycocktailhour.com/blog/when-nanoseconds-matter/</link><pubDate>Wed, 26 Nov 2025 00:00:00 +0000</pubDate><guid>https://securitycocktailhour.com/blog/when-nanoseconds-matter/</guid><description>&lt;p&gt;A nanosecond of network delay typically costs your organization nothing, unless you&amp;rsquo;re in high-frequency trading, where that same delay can mean millions of dollars in lost opportunity. For most cybersecurity teams, current security infrastructure has kept pace with business needs—but performance-critical environments demand a fundamentally different approach.&lt;/p&gt;
&lt;p&gt;This challenge extends beyond automated trading. Organizations running real-time systems—from manufacturing automation to financial services platforms—face similar trade-offs. Security controls sit between applications and their data, between users and their systems. Each security layer introduces latency, and in performance-critical environments, that latency translates directly to business impact. Traditional security architectures that work well in standard enterprise environments may not fit where speed determines competitive advantage or operational success.&lt;/p&gt;</description></item><item><title>Why Security Always Gets Blamed (And How to Change That)</title><link>https://securitycocktailhour.com/blog/why-security-always-gets-blamed/</link><pubDate>Wed, 26 Nov 2025 00:00:00 +0000</pubDate><guid>https://securitycocktailhour.com/blog/why-security-always-gets-blamed/</guid><description>&lt;p&gt;What do high frequency trading firms have in common with manufacturing companies and global service organizations? When their systems fail, network connectivity drops, or applications slow down, users often assume &amp;lsquo;It must be security.&amp;rsquo; Cybersecurity teams battle this every day.&lt;/p&gt;
&lt;p&gt;The challenge stems from security&amp;rsquo;s position at critical junctions throughout IT infrastructure. While this first occurred with legacy controls like firewalls and intrusion detection systems, modern environments face similar dynamics with cloud security platforms, identity management systems, and AI-powered security tools. When outages occur, security infrastructure becomes an investigation starting point, whether it makes sense or not.&lt;/p&gt;</description></item></channel></rss>